date,close
1925-01-31,0.5643376641493403
1925-02-28,0.5865307183574604
1925-03-31,0.5706785367802317
1925-04-30,0.5595820096761717
1925-05-29,0.5484854825721116
1925-06-30,0.5659228823070631
1925-07-31,0.5881159365151832
1925-08-31,0.6007976817769661
1925-09-30,0.6404281357200379
1925-10-31,0.7070072983443982
1925-11-30,0.7038368620289525
1925-12-31,0.7117629528175667
1926-01-30,0.7101777346598439
1926-02-27,0.697495989398061
1926-03-31,0.6657916262436037
1926-04-30,0.6467690083509293
1926-05-28,0.6531098809818208
1926-06-30,0.6657916262436037
1926-07-31,0.6737177170322179
1926-08-31,0.7054220801866753
1926-09-30,0.7038368620289525
1926-10-30,0.6816438078208323
1926-11-30,0.6895698986094466
1926-12-31,0.7165186072907354
1927-01-31,0.7339560070256869
1927-02-28,0.7577342793915299
1927-03-31,0.7704160246533128
1927-04-30,0.7783421154419271
1927-05-31,0.8068760422809388
1927-06-30,0.8052908241232158
1927-07-30,0.8354099691199504
1927-08-31,0.8813812956939134
1927-09-30,0.8972334772711421
1927-10-31,0.9004039135865878
1927-11-30,0.9638126398955024
1927-12-31,1.1001414014596689
1928-01-31,1.2808562714400755
1928-02-29,1.2618336535474013
1928-03-31,1.2840267077555214
1928-04-30,3.0436188628279024
1928-05-31,1.2142771088157154
1928-06-30,0.9891761304190684
1928-07-31,1.0779483472515488
1928-08-31,1.135016200929572
1928-09-29,1.133557800224467
1928-10-31,1.0325476992143658
1928-11-30,1.1672278338945006
1928-12-31,1.0774410774410774
1929-01-31,1.0325476992143658
1929-02-28,1.0774410774410774
1929-03-28,0.9427609427609428
1929-04-30,0.937149270482604
1929-05-31,0.8305274971941641
1929-06-29,0.8473625140291807
1929-07-31,0.8754208754208754
1929-08-30,0.9876543209876544
1929-09-30,1.0101010101010102
1929-10-31,0.920314253647587
1929-11-27,0.8754208754208754
1929-12-31,0.7856341189674524
1930-01-31,0.8136924803591471
1930-02-28,0.7968574635241302
1930-03-31,0.7687991021324355
1930-04-30,0.6958473625140292
1930-05-29,0.6958473625140292
1930-06-30,0.622895622895623
1930-07-31,0.6397306397306398
1930-08-29,0.5780022446689114
1930-09-30,0.3872053872053872
1930-10-31,0.3282828282828283
1930-11-29,0.28058361391694725
1930-12-31,0.20763187429854102
1931-01-31,0.2384960718294052
1931-02-28,0.2469135802469136
1931-03-31,0.2160493827160494
1931-04-30,0.14590347923681254
1931-05-29,0.1234567901234568
1931-06-30,0.14029180695847362
1931-07-31,0.16835016835016836
1931-08-31,0.1851851851851852
1931-09-30,0.1234567901234568
1931-10-31,0.10942760942760944
1931-11-30,0.09820426487093156
1931-12-31,0.10101010101010102
1932-01-30,0.07014590347923681
1932-02-29,0.08417508417508418
1932-03-31,0.07856341189674522
1932-04-30,0.06734006734006734
1932-05-31,0.05611672278338945
1932-06-30,0.05611672278338945
1932-07-30,0.07295173961840629
1932-08-31,0.12906846240179573
1932-09-30,0.07856341189674522
1932-10-31,0.08417508417508418
1932-11-30,0.07295173961840629
1932-12-31,0.05050505050505051
1933-01-31,0.05611672278338945
1933-02-28,0.05050505050505051
1933-03-31,0.05611672278338945
1933-04-29,0.08978675645342313
1933-05-31,0.2132435465768799
1933-06-30,0.2469135802469136
1933-07-31,0.24130190796857465
1933-08-31,0.27497194163860833
1933-09-30,0.2244668911335578
1933-10-31,0.19079685746352412
1933-11-29,0.1627384960718294
1933-12-30,0.17957351290684626
1934-01-31,0.2356902356902357
1934-02-28,0.24130190796857465
1934-03-31,0.2356902356902357
1934-04-30,0.25813692480359146
1934-05-31,0.2244668911335578
1934-06-30,0.2497194163860831
1934-07-31,0.1739618406285073
1934-08-31,0.20202020202020204
1934-09-29,0.20202020202020204
1934-10-31,0.16835016835016836
1934-11-30,0.20202020202020204
1934-12-31,0.2132435465768799
1935-01-31,0.19079685746352412
1935-02-28,0.19079685746352412
1935-03-30,0.1627384960718294
1935-04-30,0.17115600448933782
1935-05-31,0.16835016835016836
1935-06-29,0.1627384960718294
1935-07-31,0.17957351290684626
1935-08-31,0.2356902356902357
1935-09-30,0.21885521885521889
1935-10-31,0.2525252525252525
1935-11-30,0.3002244668911336
1935-12-31,0.3984287317620651
1936-01-31,0.4264870931537598
1936-02-29,0.4208754208754209
1936-03-31,0.4264870931537598
1936-04-30,0.35353535353535354
1936-05-29,0.3647586980920314
1936-06-30,0.3703703703703704
1936-07-31,0.4320987654320988
1936-08-31,0.3928170594837262
1936-09-30,0.4938271604938272
1936-10-31,0.5555555555555556
1936-11-30,0.8024691358024691
1936-12-31,0.8080808080808082
1937-01-30,1.0381593714927049
1937-02-27,0.9427609427609428
1937-03-31,0.9876543209876544
1937-04-30,0.920314253647587
1937-05-28,0.9090909090909092
1937-06-30,0.8080808080808082
1937-07-31,0.8529741863075196
1937-08-31,0.9652076318742986
1937-09-30,0.7407407407407408
1937-10-30,0.6509539842873177
1937-11-30,0.5331088664421998
1937-12-31,0.4040404040404041
1938-01-31,0.4489337822671156
1938-02-28,0.4994388327721662
1938-03-31,0.3367003367003367
1938-04-30,0.41526374859708204
1938-05-31,0.3703703703703704
1938-06-30,0.4994388327721662
1938-07-30,0.5836139169472503
1938-08-31,0.5555555555555556
1938-09-30,0.5443322109988777
1938-10-31,0.622895622895623
1938-11-30,0.5948372615039282
1938-12-31,0.6453423120089787
1939-01-31,0.5948372615039282
1939-02-28,0.5948372615039282
1939-03-31,0.4545454545454546
1939-04-29,0.462962962962963
1939-05-31,0.4713804713804714
1939-06-30,0.4208754208754209
1939-07-31,0.4489337822671156
1939-08-31,0.4489337822671156
1939-09-30,0.7070707070707071
1939-10-31,0.6846240179573513
1939-11-30,0.6958473625140292
1939-12-30,0.7575757575757576
1940-01-31,0.7014590347923682
1940-02-29,0.7631874298540966
1940-03-30,0.6958473625140292
1940-04-30,0.8754208754208754
1940-05-31,0.5948372615039282
1940-06-29,0.6172839506172839
1940-07-31,0.6902356902356903
1940-08-31,0.6958473625140292
1940-09-30,0.6846240179573513
1940-10-31,0.6846240179573513
1940-11-30,0.6902356902356903
1940-12-31,0.6677890011223345
1941-01-31,0.6341189674523008
1941-02-28,0.6004489337822672
1941-03-31,0.5723905723905724
1941-04-30,0.5162738496071829
1941-05-31,0.521885521885522
1941-06-30,0.5555555555555556
1941-07-31,0.6397306397306398
1941-08-30,0.622895622895623
1941-09-30,0.6116722783389449
1941-10-31,0.5723905723905724
1941-11-29,0.5359147025813693
1941-12-31,0.4826038159371493
1942-01-31,0.5190796857463524
1942-02-28,0.5274971941638609
1942-03-31,0.4938271604938272
1942-04-30,0.4657687991021325
1942-05-29,0.4657687991021325
1942-06-30,0.4657687991021325
1942-07-31,0.4882154882154882
1942-08-31,0.4826038159371493
1942-09-30,0.5331088664421998
1942-10-31,0.5274971941638609
1942-11-30,0.4938271604938272
1942-12-31,0.4994388327721662
1943-01-30,0.5667789001122335
1943-02-27,0.6060606060606061
1943-03-31,0.6341189674523008
1943-04-30,0.6285072951739619
1943-05-29,0.6734006734006734
1943-06-30,0.6902356902356903
1943-07-31,0.6734006734006734
1943-08-31,0.6790123456790124
1943-09-30,0.718294051627385
1943-10-30,0.7519640852974186
1943-11-30,0.6565656565656566
1943-12-31,0.7295173961840629
1944-01-31,0.718294051627385
1944-02-29,0.7351290684624019
1944-03-31,0.7463524130190797
1944-04-29,0.7154882154882155
1944-05-31,0.7800224466891134
1944-06-30,0.8024691358024691
1944-07-31,0.8249158249158249
1944-08-31,0.8698092031425365
1944-09-30,0.8585858585858587
1944-10-31,0.9034792368125704
1944-11-30,0.937149270482604
1944-12-30,0.9624017957351292
1945-01-31,0.9708193041526376
1945-02-28,1.021324354657688
1945-03-31,0.9876543209876544
1945-04-30,1.0101010101010102
1945-05-31,1.1223344556677892
1945-06-30,1.021324354657688
1945-07-31,0.9932659932659932
1945-08-31,1.133557800224467
1945-09-29,1.1896745230078565
1945-10-31,1.3243546576879912
1945-11-30,1.2906846240179577
1945-12-31,1.3355780022446688
1946-01-31,1.3916947250280585
1946-02-28,1.4309764309764308
1946-03-30,1.5768799102132436
1946-04-30,1.6722783389450058
1946-05-31,1.6722783389450058
1946-06-28,1.5656565656565655
1946-07-31,1.5488215488215489
1946-08-30,1.4646464646464648
1946-09-30,1.2570145903479235
1946-10-31,1.2570145903479235
1946-11-30,1.3524130190796861
1946-12-31,1.4758698092031426
1947-01-31,1.3524130190796861
1947-02-28,1.4029180695847363
1947-03-31,1.251402918069585
1947-04-30,1.139169472502806
1947-05-29,1.1672278338945006
1947-06-30,1.3019079685746353
1947-07-31,1.3692480359147026
1947-08-29,1.4309764309764308
1947-09-30,1.3804713804713806
1947-10-31,1.447811447811448
1947-11-29,1.43658810325477
1947-12-31,1.5207631874298542
1948-01-31,1.3468013468013469
1948-02-28,1.2794612794612796
1948-03-31,1.3131313131313131
1948-04-30,1.3636363636363638
1948-05-28,1.5095398428731763
1948-06-30,1.3860830527497194
1948-07-30,1.3524130190796861
1948-08-31,1.341189674523008
1948-09-30,1.2401795735129069
1948-10-30,1.3019079685746353
1948-11-30,1.105499438832772
1948-12-31,1.1223344556677892
1949-01-31,1.1223344556677892
1949-02-28,1.099887766554433
1949-03-31,1.1616161616161618
1949-04-30,1.0549943883277215
1949-05-31,1.0101010101010102
1949-06-30,0.9932659932659932
1949-07-29,1.099887766554433
1949-08-31,1.1672278338945006
1949-09-30,1.2345679012345678
1949-10-31,1.2177328843995512
1949-11-30,1.2906846240179577
1949-12-31,1.3131313131313131
1950-01-31,1.43658810325477
1950-02-28,1.4421997755331089
1950-03-31,1.4421997755331089
1950-04-29,1.4927048260381597
1950-05-31,1.6217732884399552
1950-06-30,1.4029180695847363
1950-07-31,1.6049382716049383
1950-08-31,1.7171717171717171
1950-09-29,1.8630751964085301
1950-10-31,1.8911335578002249
1950-11-30,2.053872053872054
1950-12-30,2.177328843995511
1951-01-31,2.255892255892256
1951-02-28,2.4130190796857467
1951-03-31,2.272727272727273
1951-04-30,2.418630751964085
1951-05-31,2.267115600448934
1951-06-29,2.2334455667789004
1951-07-31,2.3063973063973067
1951-08-31,2.4130190796857467
1951-09-28,2.5084175084175087
1951-10-31,2.267115600448934
1951-11-30,2.3344556677890007
1951-12-31,2.3681257014590353
1952-01-31,2.5140291806958475
1952-02-29,2.5589225589225597
1952-03-31,2.4803591470258137
1952-04-30,2.255892255892256
1952-05-29,2.312008978675645
1952-06-30,2.4242424242424243
1952-07-31,2.6150392817059487
1952-08-29,2.687991021324355
1952-09-30,2.5589225589225597
1952-10-31,2.50280583613917
1952-11-28,2.940516273849608
1952-12-31,2.8507295173961844
1953-01-30,2.8395061728395063
1953-02-27,3.092031425364759
1953-03-31,2.929292929292929
1953-04-30,5.252525252525253
1953-05-29,5.252525252525253
1953-06-30,5.028058361391695
1953-07-31,5.252525252525253
1953-08-31,5.0953984287317615
1953-09-30,5.2300785634118965
1953-10-30,5.679012345679013
1953-11-30,6.195286195286196
1953-12-31,6.285072951739619
1954-01-29,6.958473625140293
1954-02-26,7.1380471380471375
1954-03-31,7.654320987654321
1954-04-30,8.529741863075197
1954-05-28,8.148148148148149
1954-06-30,8.574635241301909
1954-07-30,9.023569023569024
1954-08-31,9.337822671156003
1954-09-30,9.921436588103257
1954-10-29,10.05611672278339
1954-11-30,11.088664421997757
1954-12-31,11.447811447811446
1955-01-31,10.59483726150393
1955-02-28,11.40291806958474
1955-03-31,12.210998877665546
1955-04-29,13.153759820426489
1955-05-31,13.804713804713804
1955-06-30,14.769921436588106
1955-07-29,14.769921436588106
1955-08-31,14.320987654320989
1955-09-30,21.818181818181817
1955-10-31,20.707070707070702
1955-11-30,22.525252525252533
1955-12-30,23.939393939393934
1956-01-31,22.32323232323232
1956-02-29,24.09090909090909
1956-03-29,26.565656565656568
1956-04-30,27.171717171717173
1956-05-31,25.959595959595962
1956-06-29,25.75757575757576
1956-07-31,26.666666666666664
1956-08-31,23.68686868686868
1956-09-28,21.21212121212121
1956-10-31,21.51515151515152
1956-11-30,20.90909090909091
1956-12-31,21.51515151515152
1957-01-31,21.565656565656568
1957-02-28,20.75757575757576
1957-03-01,20.858585858585855
1957-03-29,20.353535353535356
1957-04-01,20.2020202020202
1957-04-30,20.0
1957-05-01,20.0
1957-05-31,21.414141414141408
1957-06-03,21.414141414141408
1957-06-28,21.767676767676765
1957-07-01,21.666666666666664
1957-07-31,21.464646464646467
1957-08-01,21.565656565656568
1957-08-30,19.7979797979798
1957-09-03,20.0
1957-09-30,17.97979797979798
1957-10-01,18.434343434343432
1957-10-31,17.97979797979798
1957-11-01,17.87878787878788
1957-11-29,18.383838383838388
1957-12-02,18.585858585858585
1957-12-31,18.434343434343432
1958-01-02,18.434343434343432
1958-01-31,19.393939393939394
1958-02-03,19.141414141414145
1958-02-28,18.33333333333333
1958-03-03,18.33333333333333
1958-03-31,18.78787878787879
1958-04-01,18.686868686868685
1958-04-30,18.434343434343432
1958-05-01,18.686868686868685
1958-05-29,20.151515151515152
1958-06-02,20.80808080808081
1958-06-30,19.595959595959595
1958-07-01,19.393939393939394
1958-07-31,20.505050505050505
1958-08-01,20.707070707070702
1958-08-29,21.565656565656568
1958-09-02,22.02020202020202
1958-09-30,22.424242424242426
1958-10-01,21.767676767676765
1958-10-31,21.919191919191924
1958-11-03,22.12121212121212
1958-11-28,23.232323232323232
1958-12-01,22.72727272727273
1958-12-31,23.383838383838388
1959-01-02,23.383838383838388
1959-01-30,22.92929292929293
1959-02-02,22.92929292929293
1959-02-27,22.626262626262626
1959-03-02,22.525252525252533
1959-03-31,22.424242424242426
1959-04-01,22.222222222222218
1959-04-30,23.03030303030303
1959-05-01,22.87878787878788
1959-05-29,22.222222222222218
1959-06-01,22.02020202020202
1959-06-30,20.959595959595962
1959-07-01,20.80808080808081
1959-07-31,22.424242424242426
1959-08-03,21.818181818181817
1959-08-31,22.92929292929293
1959-09-01,22.828282828282827
1959-09-30,22.32323232323232
1959-10-01,22.525252525252533
1959-10-30,21.666666666666664
1959-11-02,21.51515151515152
1959-11-30,21.767676767676765
1959-12-01,22.02020202020202
1959-12-31,21.717171717171716
1960-01-04,21.464646464646467
1960-01-29,18.88888888888889
1960-02-01,19.09090909090909
1960-02-29,18.83838383838384
1960-03-01,18.78787878787879
1960-03-31,17.777777777777782
1960-04-01,17.575757575757574
1960-04-29,18.282828282828287
1960-05-02,18.686868686868685
1960-05-31,17.323232323232318
1960-06-01,17.676767676767675
1960-06-30,17.97979797979798
1960-07-01,18.131313131313128
1960-07-29,16.86868686868687
1960-08-01,17.07070707070707
1960-08-31,19.09090909090909
1960-09-01,19.29292929292929
1960-09-30,18.18181818181818
1960-10-03,17.828282828282827
1960-10-31,17.474747474747474
1960-11-01,17.525252525252526
1960-11-30,19.696969696969692
1960-12-01,19.595959595959595
1960-12-30,21.818181818181817
1961-01-03,21.464646464646467
1961-01-31,22.72727272727273
1961-02-01,22.828282828282827
1961-02-28,22.525252525252533
1961-03-01,23.03030303030303
1961-03-30,22.626262626262626
1961-04-03,22.87878787878788
1961-04-28,22.92929292929293
1961-05-01,23.131313131313128
1961-05-31,23.88888888888889
1961-06-01,23.83838383838384
1961-06-30,21.414141414141408
1961-07-03,21.414141414141408
1961-07-31,21.51515151515152
1961-08-01,21.717171717171716
1961-08-31,24.343434343434343
1961-09-01,24.343434343434343
1961-09-29,23.83838383838384
1961-10-02,23.737373737373733
1961-10-31,24.444444444444446
1961-11-01,24.646464646464647
1961-11-30,26.565656565656568
1961-12-01,26.919191919191924
1961-12-29,26.38888888888889
1962-01-02,26.5
1962-01-31,22.88888888888889
1962-02-01,22.722222222222218
1962-02-28,24.444444444444446
1962-03-01,24.83333333333333
1962-03-30,25.11111111111111
1962-04-02,25.0
1962-04-30,23.222222222222218
1962-05-01,23.222222222222218
1962-05-31,20.0
1962-06-01,20.11111111111111
1962-06-29,19.61111111111111
1962-07-02,20.444444444444443
1962-07-31,18.0
1962-08-01,17.88888888888889
1962-08-31,18.444444444444443
1962-09-04,18.0
1962-09-28,18.5
1962-10-01,18.277777777777782
1962-10-31,18.33333333333333
1962-11-01,18.61111111111111
1962-11-30,21.0
1962-12-03,21.33333333333333
1962-12-31,20.222222222222218
1963-01-02,20.5
1963-01-31,22.16666666666667
1963-02-01,21.444444444444443
1963-02-28,21.777777777777782
1963-03-01,21.66666666666667
1963-03-29,22.555555555555557
1963-04-01,22.555555555555557
1963-04-30,24.88888888888889
1963-05-01,24.777777777777782
1963-05-31,23.277777777777782
1963-06-03,23.777777777777782
1963-06-28,22.277777777777782
1963-07-01,22.277777777777782
1963-07-31,20.666666666666668
1963-08-01,20.83333333333333
1963-08-30,22.16666666666667
1963-09-03,22.555555555555557
1963-09-30,23.0
1963-10-01,23.11111111111111
1963-10-31,23.33333333333333
1963-11-01,23.33333333333333
1963-11-29,23.555555555555557
1963-12-02,23.61111111111111
1963-12-31,24.33333333333333
1964-01-02,24.444444444444446
1964-01-31,23.83333333333333
1964-02-03,24.777777777777782
1964-02-28,24.444444444444446
1964-03-02,24.555555555555557
1964-03-31,23.83333333333333
1964-04-01,23.88888888888889
1964-04-30,23.777777777777782
1964-05-01,23.5
1964-05-28,22.944444444444446
1964-06-01,22.944444444444446
1964-06-30,23.722222222222218
1964-07-01,24.777777777777782
1964-07-31,23.66666666666667
1964-08-03,23.66666666666667
1964-08-31,23.33333333333333
1964-09-01,23.444444444444446
1964-09-30,26.222222222222218
1964-10-01,26.277777777777782
1964-10-30,28.444444444444446
1964-11-02,28.38888888888889
1964-11-30,26.33333333333333
1964-12-01,25.777777777777782
1964-12-31,25.11111111111111
1965-01-04,24.944444444444446
1965-01-29,26.555555555555557
1965-02-01,26.222222222222218
1965-02-26,25.5
1965-03-01,26.0
1965-03-31,24.66666666666667
1965-04-01,25.444444444444446
1965-04-30,25.222222222222218
1965-05-03,25.277777777777782
1965-05-28,24.555555555555557
1965-06-01,24.5
1965-06-30,23.444444444444446
1965-07-01,23.11111111111111
1965-07-30,21.88888888888889
1965-08-02,21.88888888888889
1965-08-31,22.16666666666667
1965-09-01,22.16666666666667
1965-09-30,21.777777777777782
1965-10-01,21.66666666666667
1965-10-29,22.88888888888889
1965-11-01,23.055555555555557
1965-11-30,22.61111111111111
1965-12-01,22.61111111111111
1965-12-31,21.555555555555557
1966-01-03,21.722222222222218
1966-01-31,22.277777777777782
1966-02-01,22.16666666666667
1966-02-28,22.88888888888889
1966-03-01,23.0
1966-03-31,23.66666666666667
1966-04-01,24.722222222222218
1966-04-29,23.33333333333333
1966-05-02,23.11111111111111
1966-05-31,21.0
1966-06-01,20.88888888888889
1966-06-30,19.222222222222218
1966-07-01,19.166666666666668
1966-07-29,20.277777777777782
1966-08-01,20.11111111111111
1966-08-31,18.88888888888889
1966-09-01,18.61111111111111
1966-09-30,17.555555555555557
1966-10-03,17.333333333333332
1966-10-31,19.5
1966-11-01,19.944444444444443
1966-11-30,20.222222222222218
1966-12-01,20.0
1966-12-30,19.777777777777782
1967-01-03,19.88888888888889
1967-01-31,20.444444444444443
1967-02-01,20.444444444444443
1967-02-28,20.33333333333333
1967-03-01,21.0
1967-03-31,21.555555555555557
1967-04-03,21.5
1967-04-28,24.16666666666667
1967-05-01,24.0
1967-05-31,22.222222222222218
1967-06-01,22.5
1967-06-30,21.444444444444443
1967-07-03,21.33333333333333
1967-07-31,21.944444444444446
1967-08-01,21.83333333333333
1967-08-31,21.61111111111111
1967-09-01,21.555555555555557
1967-09-29,21.11111111111111
1967-10-02,20.88888888888889
1967-10-31,19.11111111111111
1967-11-01,18.944444444444443
1967-11-30,19.222222222222218
1967-12-01,19.666666666666668
1967-12-29,20.33333333333333
1968-01-02,20.38888888888889
1968-01-31,18.88888888888889
1968-02-01,18.88888888888889
1968-02-29,19.222222222222218
1968-03-01,18.944444444444443
1968-03-29,18.555555555555557
1968-04-01,18.88888888888889
1968-04-30,20.166666666666668
1968-05-01,21.055555555555557
1968-05-31,20.61111111111111
1968-06-03,20.944444444444443
1968-06-28,21.055555555555557
1968-07-01,21.0
1968-07-30,20.555555555555557
1968-08-01,21.166666666666668
1968-08-30,24.11111111111111
1968-09-03,23.777777777777782
1968-09-30,23.66666666666667
1968-10-01,23.555555555555557
1968-10-31,26.38888888888889
1968-11-01,26.33333333333333
1968-11-29,27.777777777777782
1968-12-02,27.944444444444446
1968-12-31,25.222222222222218
1969-01-02,25.555555555555557
1969-01-31,26.61111111111111
1969-02-03,26.5
1969-02-28,26.38888888888889
1969-03-03,26.16666666666667
1969-03-28,29.277777777777782
1969-04-01,29.11111111111111
1969-04-30,30.722222222222218
1969-05-01,30.5
1969-05-29,28.777777777777782
1969-06-02,28.88888888888889
1969-06-30,37.333333333333336
1969-07-01,35.166666666666664
1969-07-31,35.0
1969-08-01,36.0
1969-08-29,35.75
1969-09-02,36.375
1969-09-30,36.125
1969-10-01,36.125
1969-10-31,37.125
1969-11-03,37.0
1969-11-28,35.375
1969-12-01,35.5
1969-12-31,34.75
1970-01-02,35.25
1970-01-30,30.5
1970-02-02,29.875
1970-02-27,31.25
1970-03-02,33.375
1970-03-31,34.0
1970-04-01,33.625
1970-04-30,30.5
1970-05-01,31.5
1970-05-29,30.0
1970-06-01,29.375
1970-06-30,26.0
1970-07-01,26.0
1970-07-31,29.5
1970-08-03,29.375
1970-08-31,31.375
1970-09-01,32.0
1970-09-30,31.375
1970-10-01,31.25
1970-10-30,30.375
1970-11-02,30.5
1970-11-30,26.5
1970-12-01,26.5
1970-12-31,30.875
1971-01-04,30.125
1971-01-29,35.0
1971-02-01,35.0
1971-02-26,33.0
1971-03-01,32.5
1971-03-31,33.625
1971-04-01,32.875
1971-04-30,37.0
1971-05-03,37.125
1971-05-28,35.25
1971-06-01,35.625
1971-06-30,32.875
1971-07-01,33.5
1971-07-30,31.0
1971-08-02,31.125
1971-08-31,33.375
1971-09-01,33.625
1971-09-30,32.5
1971-10-01,32.375
1971-10-29,31.375
1971-11-01,31.375
1971-11-30,28.25
1971-12-01,28.75
1971-12-31,34.0
1972-01-03,34.0
1972-01-31,29.375
1972-02-01,29.0
1972-02-29,29.0
1972-03-01,28.5
1972-03-30,30.625
1972-04-03,30.75
1972-04-28,32.625
1972-05-01,32.375
1972-05-31,29.75
1972-06-01,30.25
1972-06-30,28.375
1972-07-03,28.25
1972-07-31,25.625
1972-08-01,26.0
1972-08-31,26.75
1972-09-01,26.75
1972-09-29,25.625
1972-10-02,25.5
1972-10-31,27.5
1972-11-01,26.875
1972-11-30,31.125
1972-12-01,30.5
1972-12-29,28.875
1973-01-02,29.0
1973-01-31,26.25
1973-02-01,26.0
1973-02-28,25.25
1973-03-01,25.0
1973-03-30,24.375
1973-04-02,24.0
1973-04-30,26.625
1973-05-01,26.75
1973-05-31,27.875
1973-06-01,27.875
1973-06-29,26.625
1973-07-02,26.375
1973-07-31,29.75
1973-08-01,29.75
1973-08-31,32.875
1973-09-04,33.375
1973-09-28,35.625
1973-10-01,35.875
1973-10-31,38.75
1973-11-01,38.0
1973-11-30,34.25
1973-12-03,33.0
1973-12-31,36.5
1974-01-02,36.625
1974-01-31,35.0
1974-02-01,34.75
1974-02-28,35.0
1974-03-01,34.625
1974-03-29,35.875
1974-04-01,34.25
1974-04-30,35.0
1974-05-01,36.125
1974-05-31,32.5
1974-06-03,31.875
1974-06-28,28.75
1974-07-01,28.625
1974-07-31,28.75
1974-08-01,28.875
1974-08-30,25.0
1974-09-03,24.25
1974-09-30,20.25
1974-10-01,20.75
1974-10-31,24.0
1974-11-01,24.5
1974-11-29,23.5
1974-12-02,22.375
1974-12-31,23.875
1975-01-02,24.625
1975-01-31,29.5
1975-02-03,28.75
1975-02-28,29.0
1975-03-03,29.375
1975-03-31,32.5
1975-04-01,32.5
1975-04-30,36.25
1975-05-01,36.75
1975-05-30,36.0
1975-06-02,36.125
1975-06-30,39.375
1975-07-01,38.875
1975-07-31,37.25
1975-08-01,37.25
1975-08-29,40.0
1975-09-02,39.125
1975-09-30,35.25
1975-10-01,35.0
1975-10-31,37.0
1975-11-03,36.875
1975-11-28,36.0
1975-12-01,35.125
1975-12-31,35.625
1976-01-02,35.625
1976-01-30,43.0
1976-02-02,43.0
1976-02-27,47.125
1976-03-01,46.0
1976-03-31,45.125
1976-04-01,45.5
1976-04-30,43.75
1976-05-03,43.875
1976-05-28,44.5
1976-06-01,44.375
1976-06-30,44.0
1976-07-01,42.25
1976-07-30,40.375
1976-08-02,40.25
1976-08-31,41.875
1976-09-01,42.5
1976-09-30,40.25
1976-10-01,39.875
1976-10-29,43.125
1976-11-01,43.0
1976-11-30,44.625
1976-12-01,44.5
1976-12-31,45.0
1977-01-03,45.0
1977-01-31,40.375
1977-02-01,41.0
1977-02-28,40.375
1977-03-01,40.75
1977-03-31,40.25
1977-04-01,40.5
1977-04-29,39.75
1977-05-02,39.25
1977-05-31,36.0
1977-06-01,36.5
1977-06-30,36.125
1977-07-01,35.75
1977-07-29,36.125
1977-08-01,36.125
1977-08-31,32.875
1977-09-01,33.5
1977-09-30,34.0
1977-10-03,34.375
1977-10-31,33.375
1977-11-01,33.75
1977-11-30,35.5
1977-12-01,35.125
1977-12-30,34.0
1978-01-03,33.75
1978-01-31,31.75
1978-02-01,31.25
1978-02-28,29.375
1978-03-01,29.375
1978-03-31,31.75
1978-04-03,31.875
1978-04-28,33.75
1978-05-01,33.5
1978-05-31,33.875
1978-06-01,33.875
1978-06-30,31.75
1978-07-03,31.375
1978-07-31,35.0
1978-08-01,35.625
1978-08-31,36.625
1978-09-01,36.375
1978-09-29,34.25
1978-10-02,34.5
1978-10-31,32.375
1978-11-01,32.875
1978-11-30,30.375
1978-12-01,30.25
1978-12-29,30.875
1979-01-02,31.125
1979-01-31,34.0
1979-02-01,33.875
1979-02-28,33.0
1979-03-01,33.25
1979-03-30,34.625
1979-04-02,34.625
1979-04-30,34.25
1979-05-01,34.0
1979-05-31,37.0
1979-06-01,37.0
1979-06-29,35.5
1979-07-02,35.0
1979-07-31,36.875
1979-08-01,36.5
1979-08-31,37.625
1979-09-04,37.375
1979-09-28,39.0
1979-10-01,38.875
1979-10-31,36.5
1979-11-01,36.5
1979-11-30,39.5
1979-12-03,39.5
1979-12-31,43.5
1980-01-02,43.125
1980-01-31,48.25
1980-02-01,48.25
1980-02-29,45.75
1980-03-03,45.5
1980-03-31,36.25
1980-04-01,36.375
1980-04-30,39.625
1980-05-01,38.75
1980-05-30,41.75
1980-06-02,41.25
1980-06-30,46.25
1980-07-01,46.625
1980-07-31,49.0
1980-08-01,48.625
1980-08-29,48.25
1980-09-02,48.125
1980-09-30,47.0
1980-10-01,48.0
1980-10-31,55.0
1980-11-03,55.25
1980-11-28,53.0
1980-12-01,53.0
1980-12-31,48.5
1981-01-02,48.75
1981-01-30,46.125
1981-02-02,45.375
1981-02-27,50.0
1981-03-02,49.25
1981-03-31,51.5
1981-04-01,52.75
1981-04-30,41.5
1981-05-01,41.5
1981-05-29,42.0
1981-06-01,43.0
1981-06-30,40.25
1981-07-01,40.75
1981-07-31,39.625
1981-08-03,39.25
1981-08-31,33.0
1981-09-01,32.75
1981-09-30,28.25
1981-10-01,27.5
1981-10-30,26.0
1981-11-02,27.125
1981-11-30,31.0
1981-12-01,32.125
1981-12-31,29.0
1982-01-04,28.875
1982-01-29,27.0
1982-02-01,27.125
1982-02-26,26.125
1982-03-01,27.0
1982-03-31,23.375
1982-04-01,23.625
1982-04-30,22.5
1982-05-03,22.0
1982-05-28,18.625
1982-06-01,18.875
1982-06-30,19.375
1982-07-01,19.375
1982-07-30,16.875
1982-08-02,17.125
1982-08-31,18.375
1982-09-01,18.625
1982-09-30,19.375
1982-10-01,19.875
1982-10-29,24.25
1982-11-01,24.5
1982-11-30,26.375
1982-12-01,27.5
1982-12-31,29.375
1983-01-03,29.0
1983-01-31,29.5
1983-02-01,29.125
1983-02-28,28.125
1983-03-01,28.125
1983-03-31,28.875
1983-04-04,29.0
1983-04-29,32.75
1983-05-02,32.5
1983-05-31,31.875
1983-06-01,31.875
1983-06-30,30.0
1983-07-01,29.875
1983-07-29,29.125
1983-08-01,28.375
1983-08-31,28.375
1983-09-01,27.625
1983-09-30,29.625
1983-10-03,29.5
1983-10-31,33.75
1983-11-01,33.75
1983-11-30,38.375
1983-12-01,38.875
1983-12-30,36.625
1984-01-03,36.75
1984-01-31,33.125
1984-02-01,32.875
1984-02-29,33.625
1984-03-01,33.125
1984-03-30,37.75
1984-04-02,37.0
1984-04-30,34.75
1984-05-01,34.5
1984-05-31,30.0
1984-06-01,30.25
1984-06-29,30.75
1984-07-02,30.625
1984-07-31,30.75
1984-08-01,32.0
1984-08-31,33.625
1984-09-04,33.375
1984-09-28,30.0
1984-10-01,29.625
1984-10-31,29.125
1984-11-01,29.5
1984-11-30,30.125
1984-12-03,30.125
1984-12-31,33.875
1985-01-02,33.25
1985-01-31,33.875
1985-02-01,33.875
1985-02-28,32.375
1985-03-01,33.625
1985-03-29,41.625
1985-04-01,41.75
1985-04-30,41.75
1985-05-01,41.375
1985-05-31,41.25
1985-06-03,40.625
1985-06-28,39.625
1985-07-01,39.375
1985-07-31,38.5
1985-08-01,38.625
1985-08-30,39.25
1985-09-03,39.0
1985-09-30,37.125
1985-10-01,37.125
1985-10-31,40.0
1985-11-01,40.0
1985-11-29,39.375
1985-12-02,39.125
1985-12-31,41.25
1986-01-02,40.875
1986-01-31,43.125
1986-02-03,43.375
1986-02-28,45.125
1986-03-03,44.625
1986-03-31,46.125
1986-04-01,45.5
1986-04-30,48.5
1986-05-01,47.5
1986-05-30,45.625
1986-06-02,44.875
1986-06-30,40.25
1986-07-01,40.0
1986-07-31,37.25
1986-08-01,37.125
1986-08-29,49.875
1986-09-02,49.375
1986-09-30,49.5
1986-10-01,50.25
1986-10-30,52.0
